score,content_id,game
0.6950495,445,Bastion
0.67773813,2429,LIMBO
0.6305973,2057,Half-Life 2 Episode One
0.5916952,1146,Dead Space
0.5745701,2590,Magicka
0.5396258,1108,Darksiders
0.53595227,928,Company of Heroes Tales of Valor
0.53326076,2738,Monaco
0.5249776,4222,Team Fortress Classic
0.51937866,1623,FTL Faster Than Light
